SKU,Barcode,MPN,Product Title,Product Description,Variant Image,Image 2,Image 3,Image 4,Image 5,Image 6,Image 7,Image 8,Image 9,Image 10,Cost per item,Compare At Price,Price,Inventory Quantity,Entrenue qty available,Inventory Quantity,Fluid Oz,Vendor,Material,Color,Main Category,Sub-Category,Size,Fulfillment Service,Inventory tracked,Image URL,Variant Inventory Policy,Variant Fulfillment Service,Requires Shipping,Variant Requires Shipping
32131,879959001891,HSCK002,Earthly Body Hemp Seed Edible Massage Candle Vanilla 4 oz.,"Fire things up with our sensual Hemp Seed Edible Massage Candle. This fun, heart-shaped candle melts into a sensual, moisturizing oil that can be used for a back or shoulder massage, while its subtle flavor adds a hint of fun for you and your partner to enjoy.KEY BENEFITS: Unique 3-in-1 formula to use as candle, oil, and moisturizer Smooths and nourishes skin Helps keep skin healthy and youthful looking Safe for tasting and licking off skin Ingredients: Hydrogenated Vegetable Oil, Glycine Soja Oil, Aroma (Flavor), Cannabis Sativa Seed Oil, Persea Gratissima Oil, Prunus Armeniaca Kernel Oil, Eugenol, Simmondsia Chinensis Seed Oil, Cocos Nucifera Oil, Tocopherol",https://cdn.shopify.com/s/files/1/0602/8132/3620/products/32131.jpg?v=1674804644,,,,,,,,,,9.5,18.99,18.99,48,0,48,4,Earthly Body,Wax,Multi-Color,Massage and Body,"Candles,Massage",,FulfillmentCustom,shopify,"https://cdn.shopify.com/s/files/1/0602/8132/3620/products/32131.jpg?v=1674804644,,",deny,manual,TRUE,TRUE
33954,879959001860,HSCK007,Earthly Body Hemp Seed Edible Massage Candle Grape 4 oz.,"Fire things up with our sensual Hemp Seed Edible Massage Candle. This fun, heart-shaped candle melts into a sensual, moisturizing oil that can be used for a back or shoulder massage, while its subtle flavor adds a hint of fun for you and your partner to enjoy.KEY BENEFITS: Unique 3-in-1 formula to use as candle, oil, and moisturizer Smooths and nourishes skin Helps keep skin healthy and youthful looking Safe for tasting and licking off skin Ingredients: Hydrogenated Vegetable Oil, Glycine Soja Oil, Aroma (Flavor), Cannabis Sativa Seed Oil, Persea Gratissima Oil, Prunus Armeniaca Kernel Oil, Eugenol, Simmondsia Chinensis Seed Oil, Cocos Nucifera Oil, Tocopherol",https://cdn.shopify.com/s/files/1/0602/8132/3620/products/33954.jpg?v=1674804938,,,,,,,,,,9.5,18.99,18.99,32,0,32,4,Earthly Body,Wax,Multi-Color,Massage and Body,"Candles,Massage",,FulfillmentCustom,shopify,"https://cdn.shopify.com/s/files/1/0602/8132/3620/products/33954.jpg?v=1674804938,,",deny,manual,TRUE,TRUE
34104,796494401767,40176,JO H2O Peachy Lips Flavored Water-Based Lubricant 4 oz.,"JO H2O Peachy Lips flavored lubricant lets you enjoy the fleshy richness of peaches. Featuring a water-based formula and the added flavor of bright and sweet peaches, its sensual, comforting glide and silky-smooth feel are perfect for any intimate moment, particularly oral play. And when youre done, it cleans off easily and leaves your skin feeling soft and moisturized. Silky-Smooth Feel Cleans Easily with Water Non-Staining No Sugar Added Does Not Contain Alcohol Great for Solo or Partner Play Compatible with Most Toys and Condoms Made in the USA FDA Licensed ISO Certified 100% Pleasure Guarantee Ingredients: Glycerin, Water (Aqua), Flavor (Aroma), Cellulose Gum, Methylparaben, Propylparaben",https://cdn.shopify.com/s/files/1/0602/8132/3620/files/34104A.jpg?v=1714494850,https://cdn.shopify.com/s/files/1/0602/8132/3620/files/34104B.jpg?v=1714494850,https://cdn.shopify.com/s/files/1/0602/8132/3620/files/34104C.jpg?v=1714494850,https://cdn.shopify.com/s/files/1/0602/8132/3620/files/34104D.jpg?v=1714494850,,,,,,,10.28,24.49,0,56,0,56,4,System JO,Liquid,Clear,Lubricants and Toy Cleaners,"Flavored,Water-Based",,FulfillmentCustom,shopify,"https://cdn.shopify.com/s/files/1/0602/8132/3620/files/34104A.jpg?v=1714494850,https://cdn.shopify.com/s/files/1/0602/8132/3620/files/34104B.jpg?v=1714494850,https://cdn.shopify.com/s/files/1/0602/8132/3620/files/34104C.jpg?v=1714494850",deny,manual,TRUE,TRUE
34105,796494401729,40172,JO H2O Juicy Pineapple Flavored Water-Based Lubricant 4 oz.,"JO H2O Juicy Pineapple flavored lubricant lets you enjoy the citrusy sweetness of pineapples. Featuring a water-based formula and juicy, ripe pineapple flavoring, its sensual, comforting glide and silky-smooth feel are perfect for any intimate moment, particularly oral play. And when youre done, it cleans off easily and leaves your skin feeling soft and moisturized. Silky-Smooth Feel Cleans Easily with Water Non-Staining No Sugar Added Does Not Contain Alcohol Great for Solo or Partner Play Compatible with Most Toys and Condoms Made in the USA FDA Licensed ISO Certified 100% Pleasure Guarantee Ingredients: Glycerin, Water (Aqua), Flavor (Aroma), Cellulose Gum, Methylparaben, Propylparaben",https://cdn.shopify.com/s/files/1/0602/8132/3620/files/34105A.jpg?v=1714494857,https://cdn.shopify.com/s/files/1/0602/8132/3620/files/34105B.jpg?v=1714494857,https://cdn.shopify.com/s/files/1/0602/8132/3620/files/34105C.jpg?v=1714494857,https://cdn.shopify.com/s/files/1/0602/8132/3620/files/34105D.jpg?v=1714494857,,,,,,,10.28,19,0,91,0,91,4,System JO,Liquid,Clear,Lubricants and Toy Cleaners,"Flavored,Water-Based",,FulfillmentCustom,shopify,"https://cdn.shopify.com/s/files/1/0602/8132/3620/files/34105A.jpg?v=1714494857,https://cdn.shopify.com/s/files/1/0602/8132/3620/files/34105B.jpg?v=1714494857,https://cdn.shopify.com/s/files/1/0602/8132/3620/files/34105C.jpg?v=1714494857",deny,manual,TRUE,TRUE
37045,796494402153,40215,JO Arctic Clitoral Stimulant 0.34 oz.,"JO Arctic Clitoral Stimulant, our most intense cooling formula, slowly builds to an icy sensation that invigorates and enhances every caress and swirl. Its premium silicone formula stays right where you put it and is water resistant for long lasting play in the shower, tub, or jacuzzi. Perfect for both solo and partnered exploration, it pairs especially well with vibrating toys and oral pleasure. 0.34 Fluid Ounces Intense Cooling Sensation Lasts Up To 45 Minutes Preservative-Free Includes Highest Quality Silicones Perfect For Solo & Partner Play Not Compatible with Polyurethane Condoms Compatible with Most Toys Made in the USA FDA Licensed ISO Certified 100% Pleasure Guarantee Ingredients: Dimethicone, Dimethiconol, Menthol",https://cdn.shopify.com/s/files/1/0602/8132/3620/files/37045A.jpg?v=1714495247,https://cdn.shopify.com/s/files/1/0602/8132/3620/files/37045B.jpg?v=1714495247,https://cdn.shopify.com/s/files/1/0602/8132/3620/files/37045C.jpg?v=1714495248,https://cdn.shopify.com/s/files/1/0602/8132/3620/files/37045D.jpg?v=1714495248,,,,,,,13.63,31.99,0,30,0,30,0.34,System JO,Liquid,Clear,,"Arousal Gels Creams and Balms,Female Arousal",,FulfillmentCustom,shopify,"https://cdn.shopify.com/s/files/1/0602/8132/3620/files/37045A.jpg?v=1714495247,https://cdn.shopify.com/s/files/1/0602/8132/3620/files/37045B.jpg?v=1714495247,https://cdn.shopify.com/s/files/1/0602/8132/3620/files/37045C.jpg?v=1714495248",deny,manual,TRUE,TRUE
37046,796494402160,40216,JO Prolonger Benzocaine Desensitizing Spray 2 oz.,"JO Prolonger Spray is perfect for extended play and allows you to enjoy every single stroke together. Formulated using the maximum strength 7.5% benzocaine, our fast-acting, quick-drying spray allows you to last longer for more pleasure and a closer connection. Glycerin Free Max Strength 7.5% Benzocaine Prevents Premature Ejaculation Quick Drying Spray Topical Desensitizer Compatible with Most Toys Not Compatible with Polyurethane Condoms Made in the USA FDA Licensed ISO Certified 100% Pleasure Guarantee Active Ingredient: Benzocaine 7.5%Inactive Ingredients: PEG-8, Propylene Glycol, Water (Aqua)",https://cdn.shopify.com/s/files/1/0602/8132/3620/files/37046A.jpg?v=1714495253,https://cdn.shopify.com/s/files/1/0602/8132/3620/files/37046B.jpg?v=1714495253,https://cdn.shopify.com/s/files/1/0602/8132/3620/files/37046C.jpg?v=1714495253,,,,,,,,13.3,31.49,0,19,0,19,2,System JO,Liquid,Clear,,"Desensitizers and Relaxers,Male Arousal",,FulfillmentCustom,shopify,"https://cdn.shopify.com/s/files/1/0602/8132/3620/files/37046A.jpg?v=1714495253,https://cdn.shopify.com/s/files/1/0602/8132/3620/files/37046B.jpg?v=1714495253,https://cdn.shopify.com/s/files/1/0602/8132/3620/files/37046C.jpg?v=1714495253",deny,manual,TRUE,TRUE
37366,879959004717,HPL002,Water Slide Lubricant 4oz.,"Waterslide Lubricant (4oz)Waterslide Lubricant is a water-based non-toxic, non-staining, odorless, and vegan lube. It features natural carrageenan extract (from red algae seaweed) and no silicones, petroleums, parabens, sticky glycerins or preservatives. It was formulated with women in mind so itft.s safe and gentle. The pure and simple ingredients give incredible natural lubrication. Itft.s also compatible with condoms, diaphragms and toys.",https://cdn.shopify.com/s/files/1/0602/8132/3620/files/37366A.jpg?v=1714495370,,,,,,,,,,7,13.99,13.99,135,0,135,4,Earthly Body,Liquid,Blue,,Water-Based,,FulfillmentCustom,shopify,"https://cdn.shopify.com/s/files/1/0602/8132/3620/files/37366A.jpg?v=1714495370,,",deny,manual,TRUE,TRUE
37505,894757001317,894757001317,Aneros Progasm Ice Prostate Stimulator,"Aneros Progasm (Ice)The Aneros Progasm is the newest member of the Aneros family. The Progasm is the largest Aneros to date. It features a newly designed round perineum tab and also boasts a Kundalini in.K-Tab.in. The in.K-Tabin. adds sensations up and down your back that are complementary to the sensations from the prostate. Mobility is a key to success with our products, and despite its size the Progasm moves inside the manft.s body to provide a robust prostate massage for incredible pleasure. Largest Aneros model Round perineum tab design Kundalini in.K-Tabin. provides additional sensations Has size, but is very mobile For advanced and experienced users",https://cdn.shopify.com/s/files/1/0602/8132/3620/files/37505A.jpg?v=1714495374,https://cdn.shopify.com/s/files/1/0602/8132/3620/files/37505B.jpg?v=1714495374,,,,,,,,,30,60,59.95,1,3,4,,Aneros,Plastic,Gray,,"Prostate,Prostate Toys",,FulfillmentCustom,shopify,"https://cdn.shopify.com/s/files/1/0602/8132/3620/files/37505A.jpg?v=1714495374,https://cdn.shopify.com/s/files/1/0602/8132/3620/files/37505B.jpg?v=1714495374,",deny,manual,TRUE,TRUE
38167,796494101780,10178,JO Classic Hybrid Lubricant 1 oz.,"JO Classic Hybrid lubricant is the perfect combination of our popular silicone formula and our ultra-versatile water-based formula that elevates every intimate moment to a rich sensual experience. Its the uncompromising best of both worlds  the long-lasting glide and buttery smooth texture of silicone and the easy clean up of water-based options. Perfect for solo, toys, and partnered pleasure, JO Classic Hybrid takes every touch and sensation over the edge. Paraben, Glycerin, & Oil Free Silicone & Water-Based Formula Water Resistant Long-Lasting Glide Buttery Smooth Texture Easy To Clean Perfect for Solo, Toy or Partner Play Made in the USA FDA Licensed ISO Certified 100% Pleasure Guarantee Ingredients: Propylene Glycol, Water (Aqua), Phenoxyethanol, Dimethicone, Cellulose Gum, Cyclopentasiloxane, Sodium Polyacrylate Trideceth-6, PEG/PPG-18/18 Dimethicone",https://cdn.shopify.com/s/files/1/0602/8132/3620/files/38167A.jpg?v=1714495414,https://cdn.shopify.com/s/files/1/0602/8132/3620/files/38167B.jpg?v=1714495414,https://cdn.shopify.com/s/files/1/0602/8132/3620/files/38167C.jpg?v=1714495414,,,,,,,,6.24,14.49,0,117,0,117,1,System JO,Liquid,Clear,,"Hybrid,Silicone-Based,Water-Based",,FulfillmentCustom,shopify,"https://cdn.shopify.com/s/files/1/0602/8132/3620/files/38167A.jpg?v=1714495414,https://cdn.shopify.com/s/files/1/0602/8132/3620/files/38167B.jpg?v=1714495414,https://cdn.shopify.com/s/files/1/0602/8132/3620/files/38167C.jpg?v=1714495414",deny,manual,TRUE,TRUE
41267,796494102329,10232,JO H2O Cooling Water-Based Lubricant 1oz.,"H2O Cooling has the performance of our most popular water-based lubricant, but with the added benefit of a refreshing cooling sensation that enhances all types of play. Its sensual, comforting glide and silky-smooth feel are perfect for any intimate moment. And when youft.re done, it cleans off easily and leaves your skin feeling soft and moisturized. Silky-Smooth Feel Cooling Sensation Easy To Clean Non-Staining Most Versatile Formula Great for Solo or Partner Play Compatible with Most Toys and Condoms Made in the USA FDA Licensed ISO Certified 100% Pleasure Guarantee Ingredients: Water (Aqua), Glycerin, Polysorbate 20, Propylene Glycol, Hydroxyethylcellulose, Chlorphenesin, Mentha Piperita (Peppermint) Leaf Extract",https://cdn.shopify.com/s/files/1/0602/8132/3620/files/41267A.jpg?v=1714496167,https://cdn.shopify.com/s/files/1/0602/8132/3620/files/41267B.jpg?v=1714496167,https://cdn.shopify.com/s/files/1/0602/8132/3620/files/41267C.jpg?v=1714496167,https://cdn.shopify.com/s/files/1/0602/8132/3620/files/41267D.jpg?v=1714496168,,,,,,,4.68,10.99,0,121,0,121,1,System JO,Liquid,Clear,,"Warming Cooling and Stimulating,Water-Based",,FulfillmentCustom,shopify,"https://cdn.shopify.com/s/files/1/0602/8132/3620/files/41267A.jpg?v=1714496167,https://cdn.shopify.com/s/files/1/0602/8132/3620/files/41267B.jpg?v=1714496167,https://cdn.shopify.com/s/files/1/0602/8132/3620/files/41267C.jpg?v=1714496167",deny,manual,TRUE,TRUE
42503,796494101452,10145,JO All-In-One Sensual Massage Glide Fragrance Free 1 oz.,"JO All-In-One Sensual Massage Glide is our premium silicone-based massage formula, offering a long-lasting, buttery feel that enhances every stroke and caress. Smooth and satisfying, it dries down to a matte, soft-touch finish. One drop of All-In-One Sensual Massage Glide is equal to ten drops of traditional massage oil, so a little goes a long way! Perfect for everything from full body, deep tissue massage to erotic teasing, it can even be used as a tattoo brightener and body conditioner to seal in moisture. Includes Highest Quality Silicones Long-Lasting Glide Preservative-Free Buttery Feel Never Sticky or Tacky Not Compatible with Polyurethane Condoms Compatible with Most Toys and Condoms Made in the USA FDA Licensed ISO Certified 100% Pleasure Guarantee Ingredients: Dimethicone, Dimethiconol",https://cdn.shopify.com/s/files/1/0602/8132/3620/files/42503A.jpg?v=1714496570,https://cdn.shopify.com/s/files/1/0602/8132/3620/files/42503B.jpg?v=1714496570,https://cdn.shopify.com/s/files/1/0602/8132/3620/files/42503C.jpg?v=1714496570,,,,,,,,4.75,10.99,0,39,0,39,1,System JO,Liquid,Clear,,Massage,,FulfillmentCustom,shopify,"https://cdn.shopify.com/s/files/1/0602/8132/3620/files/42503A.jpg?v=1714496570,https://cdn.shopify.com/s/files/1/0602/8132/3620/files/42503B.jpg?v=1714496570,https://cdn.shopify.com/s/files/1/0602/8132/3620/files/42503C.jpg?v=1714496570",deny,manual,TRUE,TRUE
42504,796494101469,10146,JO All-In-One Sensual Massage Glide Lavender 1 oz.,"Lavender Fields scented All-In-One Sensual Massage Glide features our premium silicone-based massage formula and offers a long-lasting buttery feel that enhances every stroke and caress. Smooth and satisfying, it dries down to a matte, soft-touch finish. Set the mood with the enticing lavender scent and apply sparingly - one drop of All-In-One Sensual Massage Glide is equal to ten drops of traditional massage oil, so a little goes a long way! Perfect for everything from full body, deep tissue massage to erotic teasing, it can even be used as a tattoo brightener and body conditioner to seal in moisture. Includes Highest Quality Silicones Long-Lasting Glide Preservative-Free Buttery Feel Never Sticky or Tacky Not Compatible with Polyurethane Condoms Compatible with Most Toys and Condoms Made in the USA FDA Licensed ISO Certified 100% Pleasure Guarantee Ingredients: Dimethicone, Dimethiconol, Lavandula Angustifolia (Lavender) Oil",https://cdn.shopify.com/s/files/1/0602/8132/3620/files/42504A.jpg?v=1714496576,https://cdn.shopify.com/s/files/1/0602/8132/3620/files/42504B.jpg?v=1714496576,https://cdn.shopify.com/s/files/1/0602/8132/3620/files/42504C.jpg?v=1714496576,,,,,,,,4.75,10.99,0,22,0,22,1,System JO,Liquid,Clear,,Massage,,FulfillmentCustom,shopify,"https://cdn.shopify.com/s/files/1/0602/8132/3620/files/42504A.jpg?v=1714496576,https://cdn.shopify.com/s/files/1/0602/8132/3620/files/42504B.jpg?v=1714496576,https://cdn.shopify.com/s/files/1/0602/8132/3620/files/42504C.jpg?v=1714496576",deny,manual,TRUE,TRUE
42506,796494101483,10148,JO All-In-One Sensual Massage Glide Warming 1 oz.,"JO All-In-One Sensual Massage Glide Warm Embrace is our premium silicone-based massage formula, offering a long-lasting buttery feel and a gentle warming sensation. Smooth and satisfying, it dries down to a matte, soft-touch finish. One drop of All-In-One Sensual Massage Glide is equal to ten drops of traditional massage oil, so a little goes a long way! Perfect for everything from full body, deep tissue massage to erotic teasing, it can even be used as a tattoo brightener and body conditioner so seal in moisture. Includes Highest Quality Silicones Long-Lasting Glide Preservative-Free Buttery Feel Never Sticky or Tacky Not Compatible with Polyurethane Condoms Compatible with Most Toys and Condoms Made in the USA FDA Licensed ISO Certified 100% Pleasure Guarantee Ingredients: Dimethicone, Dimethiconol, Capsicum Frutescens Fruit Extract",https://cdn.shopify.com/s/files/1/0602/8132/3620/files/42506A.jpg?v=1714496581,https://cdn.shopify.com/s/files/1/0602/8132/3620/files/42506B.jpg?v=1714496582,https://cdn.shopify.com/s/files/1/0602/8132/3620/files/42506C.jpg?v=1714496582,,,,,,,,4.75,10.99,0,55,0,55,1,System JO,Liquid,Clear,,Massage,,FulfillmentCustom,shopify,"https://cdn.shopify.com/s/files/1/0602/8132/3620/files/42506A.jpg?v=1714496581,https://cdn.shopify.com/s/files/1/0602/8132/3620/files/42506B.jpg?v=1714496582,https://cdn.shopify.com/s/files/1/0602/8132/3620/files/42506C.jpg?v=1714496582",deny,manual,TRUE,TRUE
45144,796494403846,40384,JO H2O Vanilla Cream Flavored Water-Based Lubricant 4 oz.,"JO H2O Vanilla Cream flavored lubricant lets you enjoy the mixture of marshmallow and a hint of caramel. Featuring a water-based formula and the warm and rich flavoring of vanilla beans and sweet cream, its sensual, comforting glide and silky-smooth feel are perfect for any intimate moment, particularly oral play. And when youft.re done, it cleans off easily and leaves your skin feeling soft and moisturized. Silky-Smooth Feel Cleans Easily with Water Non-Staining No Sugar Added Does Not Contain Alcohol Great for Solo or Partner Play Compatible with Most Toys and Condoms Made in the USA FDA Licensed ISO Certified 100% Pleasure Guarantee Ingredients: Glycerin, Water (Aqua), Flavor (Aroma), Cellulose Gum, Methylparaben, Propylparaben",https://cdn.shopify.com/s/files/1/0602/8132/3620/files/45144A.jpg?v=1714497730,https://cdn.shopify.com/s/files/1/0602/8132/3620/files/45144B.jpg?v=1714497730,https://cdn.shopify.com/s/files/1/0602/8132/3620/files/45144C.jpg?v=1714497730,https://cdn.shopify.com/s/files/1/0602/8132/3620/files/45144D.jpg?v=1714497730,,,,,,,10.28,24.49,0,100,0,100,4,System JO,Liquid,Clear,,"Flavored,Water-Based",,FulfillmentCustom,shopify,"https://cdn.shopify.com/s/files/1/0602/8132/3620/files/45144A.jpg?v=1714497730,https://cdn.shopify.com/s/files/1/0602/8132/3620/files/45144B.jpg?v=1714497730,https://cdn.shopify.com/s/files/1/0602/8132/3620/files/45144C.jpg?v=1714497730",deny,manual,TRUE,TRUE
45145,796494403853,40385,JO H2O Green Apple Delight Flavored Water-Based Lubricant 4 oz.,"JO H2O Green Apple Delight flavored lubricant lets you enjoy the light tartness of green apples. Featuring a water-based formula and bright and juicy green apple flavoring, its sensual, comforting glide and silky-smooth feel are perfect for any intimate moment, particularly oral play. And when youft.re done, it cleans off easily and leaves your skin feeling soft and moisturized. Silky-Smooth Feel Cleans Easily with Water Non-Staining No Sugar Added Does Not Contain Alcohol Great for Solo or Partner Play Compatible with Most Toys and Condoms Made in the USA FDA Licensed ISO Certified 100% Pleasure Guarantee Ingredients: Glycerin, Water (Aqua), Flavor (Aroma), Cellulose Gum, Methylparaben, Propylparaben",https://cdn.shopify.com/s/files/1/0602/8132/3620/files/45145A.jpg?v=1714497736,https://cdn.shopify.com/s/files/1/0602/8132/3620/files/45145B.jpg?v=1714497737,https://cdn.shopify.com/s/files/1/0602/8132/3620/files/45145C.jpg?v=1714497737,https://cdn.shopify.com/s/files/1/0602/8132/3620/files/45145D.jpg?v=1714497737,,,,,,,10.28,24.49,0,50,0,50,4,System JO,Liquid,Clear,,"Flavored,Water-Based",,FulfillmentCustom,shopify,"https://cdn.shopify.com/s/files/1/0602/8132/3620/files/45145A.jpg?v=1714497736,https://cdn.shopify.com/s/files/1/0602/8132/3620/files/45145B.jpg?v=1714497737,https://cdn.shopify.com/s/files/1/0602/8132/3620/files/45145C.jpg?v=1714497737",deny,manual,TRUE,TRUE
45163,796494403761,40376,JO Refresh Foaming Toy Cleaner 1.7 oz.,"JO Refresh Foaming Toy Cleaner is a gentle, fragrance-free formula that easily cleans all types of toy surfaces and can extend the lifespan of your most intimate items. The fast-acting foam cleaner clings to the surfaces it needs to clean but leaves no residue. And, it needs only 60 seconds to work before it can be rinsed away. Paraben, Alcohol, & Triclosan-Free Gentle Cleaner Fragrance-Free Improves Lifespan of Toys Soap-Free Formula Cleans With A Few Pumps Made in the USA FDA Licensed ISO Certified 100% Pleasure Guarantee Ingredients: Water (Aqua), Cocamidopropyl Betaine, Propylene Glycol, Phenoxyethanol, Benzalkonium Chloride, Zinc Gluconate",https://cdn.shopify.com/s/files/1/0602/8132/3620/files/45163A.jpg?v=1714497764,https://cdn.shopify.com/s/files/1/0602/8132/3620/files/45163B.jpg?v=1714497764,https://cdn.shopify.com/s/files/1/0602/8132/3620/files/45163C.jpg?v=1714497764,https://cdn.shopify.com/s/files/1/0602/8132/3620/files/45163D.jpg?v=1714497764,,,,,,,4.21,9.99,0,632,0,632,1.7,System JO,Liquid,Clear,,Toy Cleaners,,FulfillmentCustom,shopify,"https://cdn.shopify.com/s/files/1/0602/8132/3620/files/45163A.jpg?v=1714497764,https://cdn.shopify.com/s/files/1/0602/8132/3620/files/45163B.jpg?v=1714497764,https://cdn.shopify.com/s/files/1/0602/8132/3620/files/45163C.jpg?v=1714497764",deny,manual,TRUE,TRUE
45959,5060108819909,FS-40168,Fifty Shades of Grey Insatiable Desire Silicone Mini G-Spot Vibrator Black,"Fifty Shades Insatiable Desire Mini G-Spot VibratorCurved to stimulate one of your most desired spots, this pleasure-seeking wand combines a smooth form with powerful vibrations, delivering incredible satisfaction with a simple push of a button. Insert slowly and angle to stimulate your desired spot, using water-based lubricant to enhance your pleasure and ease. Start the vibrations, lie back and enjoy the build-up to intensely satisfying results. Key features:- 10 intense vibration speeds and patterns- skin-safe, smooth silicone form- completely waterproof for aquatic play- easy-to-use button controller- requires just 1 x AA battery- supplied with branded Fifty Shades storage bag",https://cdn.shopify.com/s/files/1/0602/8132/3620/products/45959.jpg?v=1674807508,,,,,,,,,,16,29.99,0,24,41,65,,Fifty Shades of Grey,Silicone,Black,,G-Spot and Classic Slimline,,FulfillmentCustom,shopify,"https://cdn.shopify.com/s/files/1/0602/8132/3620/products/45959.jpg?v=1674807508,,",deny,manual,TRUE,TRUE
45962,5060108819817,FS-40172,Fifty Shades of Grey Something Forbidden Silicone Butt Plug Black,"Fifty Shades Something Forbidden Butt PlugMade from smooth silicone with a firm-yet-flexible form, the butt plug is shaped for sensational stimulation of one of your most sensitive spots. Perfectly contoured for easy insertion with a curved tip and graduating to a curved body for more-than-fulfilling satisfaction. Team with plenty of water-based lubricant to enjoy pleasing sensations. Key features: - perfectly sized for anal play beginners- skin-safe, smooth and firm silicone form- curved for easy insertion and anal stimulation- 100% waterproof for aquatic play- finger loop for safe insertion and retrieval- supplied with branded Fifty Shades storage bag",https://cdn.shopify.com/s/files/1/0602/8132/3620/products/45962.jpg?v=1674807512,,,,,,,,,,11,19.99,0,5,18,23,,Fifty Shades of Grey,Silicone,Black,,Plugs and Probes,,FulfillmentCustom,shopify,"https://cdn.shopify.com/s/files/1/0602/8132/3620/products/45962.jpg?v=1674807512,,",deny,manual,TRUE,TRUE
45964,5060108819749,FS-40174,Fifty Shades of Grey Inner Goddess Silver Metal Balls Kegel Trainer,"Fifty Shades Inner Goddess Silver Pleasure BallsTwo Silver Pleasure Balls designed to effectively tone and tighten your pelvic ?oor muscles and deliver heightened pleasure during play. Each ball is wonderfully smooth and weighted, stimulating your internal spots for discreet solo pleasure during wear or to enhance play with a partner. Key features:- smooth, cool and solid for heightened sensations- weighted for intermediate users- effectively enhance control and orgasm intensity- contoured for easy insertion- strong and secure retrieval cord- easy to clean- supplied with branded Fifty Shades storage bag",https://cdn.shopify.com/s/files/1/0602/8132/3620/products/45964.jpg?v=1674807515,,,,,,,,,,16,29.99,0,0,0,0,,Fifty Shades of Grey,Metal,Silver/Steel/Chrome,,Kegel Toys,,FulfillmentCustom,shopify,"https://cdn.shopify.com/s/files/1/0602/8132/3620/products/45964.jpg?v=1674807515,,",deny,manual,TRUE,TRUE
45965,5060108819718,FS-40175,Fifty Shades of Grey Drive Me Crazy 7.5 in. Glass Massage Wand Dildo Clear,"Fifty Shades Drive Me Crazy Glass WandPerfect for sensory exploration, offering a firmness thats both unique and satisfying for internal and external massage. Using the sleek shape and sensual curves, effortlessly glide your glass massage wand over tired muscles, enjoy an intimate massage or experiment with temperature play.Key features: - smooth, curvaceous and rigid for incredible sensations- ideal for erotic massages and intimate stimulation - strong, durable glass for long-lasting, safe use - perfect for temperature play- easy-to-clean - supplied with branded Fifty Shades storage bag",https://cdn.shopify.com/s/files/1/0602/8132/3620/products/45965.jpg?v=1674807518,,,,,,,,,,18.5,36.99,0,0,0,0,,Fifty Shades of Grey,Glass,Clear,,Glass and Metal,,FulfillmentCustom,shopify,"https://cdn.shopify.com/s/files/1/0602/8132/3620/products/45965.jpg?v=1674807518,,",deny,manual,TRUE,TRUE
46103,657447092084,NSN-0301-23,Tinglers Vibrating Plug I Black,"The plug provides intense and strategically placed vibration exactly where you want it most. The firm silicone body yields to every body type, ensuring a comfortable fit. The flat skinny base fits snugly along your bodys curves, making it perfect for coupleft.s play. The controller features two buttons for easy on/off operation and 3 levels of intensity control. Requires 2 AAA batteries, not included.",https://cdn.shopify.com/s/files/1/0602/8132/3620/files/46103A.jpg?v=1714498075,https://cdn.shopify.com/s/files/1/0602/8132/3620/files/46103B.jpg?v=1714498076,,,,,,,,,22.45,44.9,0,16,0,16,,NS Novelties,Silicone,Black,,"Plugs and Probes,Vibrating Anal Toys",,FulfillmentCustom,shopify,"https://cdn.shopify.com/s/files/1/0602/8132/3620/files/46103A.jpg?v=1714498075,https://cdn.shopify.com/s/files/1/0602/8132/3620/files/46103B.jpg?v=1714498076,",deny,manual,TRUE,TRUE
46112,657447091995,NSN-0405-13,Colours Pleasures 5 in. Dildo Black,"Colours realistic dongs are made from the best medical grade, body-safe silicone available. Non-porous for easy worry-free cleaning, these dongs are velvety soft to the touch, yet firm for effortless penetration. These naturally sized five-inch dongs are slightly curved and heavily veined, providing immeasurable pleasure. The versatile suction cup base is super strong for creative exploration.",https://cdn.shopify.com/s/files/1/0602/8132/3620/files/46112A.jpg?v=1714498084,https://cdn.shopify.com/s/files/1/0602/8132/3620/files/46112B.jpg?v=1714498084,,,,,,,,,16.6,31.7,0,10,0,10,,NS Novelties,Silicone,Black,,"Realistic,Silicone Dildos and Dongs,Strap-on Compatible",,FulfillmentCustom,shopify,"https://cdn.shopify.com/s/files/1/0602/8132/3620/files/46112A.jpg?v=1714498084,https://cdn.shopify.com/s/files/1/0602/8132/3620/files/46112B.jpg?v=1714498084,",deny,manual,TRUE,TRUE
51366,657447093869,NSN-0405-15,Colours Pleasures 5 in. Dildo Purple,"Realistic dongs are made from medical grade, body-safe silicone. Non-porous for easy worry-free cleaning, these fun dongs are velvety soft to the touch, yet firm for effortless penetration. These naturally sized 5 inch dongs are slightly curved and heavily veined providing immeasurable pleasure. The versatile suction cup base is super strong for creative exploration.",https://cdn.shopify.com/s/files/1/0602/8132/3620/files/51366A.jpg?v=1714500110,https://cdn.shopify.com/s/files/1/0602/8132/3620/files/51366B.jpg?v=1714500110,,,,,,,,,16.6,29.9,0,6,0,6,,NS Novelties,Silicone,Purple,,"Colored,Realistic,Silicone Dildos and Dongs",,FulfillmentCustom,shopify,"https://cdn.shopify.com/s/files/1/0602/8132/3620/files/51366A.jpg?v=1714500110,https://cdn.shopify.com/s/files/1/0602/8132/3620/files/51366B.jpg?v=1714500110,",deny,manual,TRUE,TRUE
51367,657447093876,NSN-0405-17,Colours Pleasures 5 in. Dildo Blue,"Realistic dongs are made from medical grade, body-safe silicone. Non-porous for easy worry-free cleaning, these fun dongs are velvety soft to the touch, yet firm for effortless penetration. These naturally sized 5 inch dongs are slightly curved and heavily veined providing immeasurable pleasure. The versatile suction cup base is super strong for creative exploration.",https://cdn.shopify.com/s/files/1/0602/8132/3620/files/51367A.jpg?v=1714500114,https://cdn.shopify.com/s/files/1/0602/8132/3620/files/51367B.jpg?v=1714500114,,,,,,,,,16.6,31.7,0,9,0,9,,NS Novelties,Silicone,Blue,,"Colored,Realistic,Silicone Dildos and Dongs",,FulfillmentCustom,shopify,"https://cdn.shopify.com/s/files/1/0602/8132/3620/files/51367A.jpg?v=1714500114,https://cdn.shopify.com/s/files/1/0602/8132/3620/files/51367B.jpg?v=1714500114,",deny,manual,TRUE,TRUE
52157,5060108815734,FS-54811,Fifty Shades of Grey Greedy Girl Rechargeable Silicone G-Spot Rabbit Vibrator Black,"Silicone rabbit vibrator features 3 speeds and 9 patterns of vibration in the shaft, and 3 speeds in the ears, for a total of 36 possible combinations. Curved shaft stimulates the G-spot. Whisper quiet and waterproof. Recharge via USB for 120 minutes to provide 60 minutes of stimulation. Includes a luxurious satin storage bag. Measures 9.5 in. long, 5.25 in. insertable, 2 in. base diameter.",https://cdn.shopify.com/s/files/1/0602/8132/3620/products/52157.jpg?v=1674808353,,,,,,,,,,53,99.99,0,34,26,60,,Fifty Shades of Grey,Silicone,Black,,Dual Action and Rabbits,,FulfillmentCustom,shopify,"https://cdn.shopify.com/s/files/1/0602/8132/3620/products/52157.jpg?v=1674808353,,",deny,manual,TRUE,TRUE
53040,796494406618,40661,JO H2O Gel Water-Based Personal Lubricant 4 oz.,"JO H2O Gel Original is our thickest lubricant and has the feel of a water-based lube, but with a thicker, plush texture that stays put wherever itft.s placed. Great for solo and toy play, its sensual, comforting glide and silky-smooth feel are perfect for any intimate moment. And when youft.re done, it cleans off easily and leaves your skin feeling soft and moisturized. Thick, Plush Texture Formulated With Plant-Based Glycerin Easy To Clean Non-Staining Moisturizing & Satisfying Great for Solo or Partner Play Compatible with Most Toys Not Compatible with Polyurethane Condoms Made in the USA FDA Licensed ISO Certified 100% Pleasure Guarantee Ingredients: Water (Aqua), Glycerin, Hydroxyethylcellulose, Acrylates/C10-30 Alkyl Acrylates Crosspolymer, Methylparaben, Sodium Hydroxide, Propylparaben",https://cdn.shopify.com/s/files/1/0602/8132/3620/files/53040A.jpg?v=1714501117,https://cdn.shopify.com/s/files/1/0602/8132/3620/files/53040B.jpg?v=1714501117,https://cdn.shopify.com/s/files/1/0602/8132/3620/files/53040C.jpg?v=1714501117,https://cdn.shopify.com/s/files/1/0602/8132/3620/files/53040D.jpg?v=1714501117,,,,,,,9.35,21.99,0,47,0,47,4,System JO,Gel,Clear,,"Flavored,Water-Based",,FulfillmentCustom,shopify,"https://cdn.shopify.com/s/files/1/0602/8132/3620/files/53040A.jpg?v=1714501117,https://cdn.shopify.com/s/files/1/0602/8132/3620/files/53040B.jpg?v=1714501117,https://cdn.shopify.com/s/files/1/0602/8132/3620/files/53040C.jpg?v=1714501117",deny,manual,TRUE,TRUE
53041,796494406625,40662,JO H2O Gel Water-Based Personal Lubricant 8 oz.,"JO H2O Gel Original is our thickest lubricant and has the feel of a water-based lube, but with a thicker, plush texture that stays put wherever itft.s placed. Great for solo and toy play, its sensual, comforting glide and silky-smooth feel are perfect for any intimate moment. And when youft.re done, it cleans off easily and leaves your skin feeling soft and moisturized. Thick, Plush Texture Formulated With Plant-Based Glycerin Easy To Clean Non-Staining Moisturizing & Satisfying Great for Solo or Partner Play Compatible with Most Toys Not Compatible with Polyurethane Condoms Made in the USA FDA Licensed ISO Certified 100% Pleasure Guarantee Ingredients: Water (Aqua), Glycerin, Hydroxyethylcellulose, Acrylates/C10-30 Alkyl Acrylates Crosspolymer, Methylparaben, Sodium Hydroxide, Propylparaben",https://cdn.shopify.com/s/files/1/0602/8132/3620/files/53041A.jpg?v=1714501124,https://cdn.shopify.com/s/files/1/0602/8132/3620/files/53041B.jpg?v=1714501124,https://cdn.shopify.com/s/files/1/0602/8132/3620/files/53041C.jpg?v=1714501124,https://cdn.shopify.com/s/files/1/0602/8132/3620/files/53041D.jpg?v=1714501124,,,,,,,14.02,32.99,0,36,0,36,8,System JO,Gel,Clear,,Water-Based,,FulfillmentCustom,shopify,"https://cdn.shopify.com/s/files/1/0602/8132/3620/files/53041A.jpg?v=1714501124,https://cdn.shopify.com/s/files/1/0602/8132/3620/files/53041B.jpg?v=1714501124,https://cdn.shopify.com/s/files/1/0602/8132/3620/files/53041C.jpg?v=1714501124",deny,manual,TRUE,TRUE
54808,657447092237,NSN-1221-13,Sinful Vinyl Ball Gag Black,"Ball gag with stunning midnight black finish features nickel-free anodized hardware, aesthetically striking embossed vinyl, and is lined in soft yet durable neoprene. Measures 7 in. by 3 in. by 2.2 in.",https://cdn.shopify.com/s/files/1/0602/8132/3620/files/54808A.jpg?v=1714502358,https://cdn.shopify.com/s/files/1/0602/8132/3620/files/54808B.jpg?v=1714502358,,,,,,,,,7.25,12.5,0,10,0,10,,NS Novelties,Vinyl,Black,,Gags,,FulfillmentCustom,shopify,"https://cdn.shopify.com/s/files/1/0602/8132/3620/files/54808A.jpg?v=1714502358,https://cdn.shopify.com/s/files/1/0602/8132/3620/files/54808B.jpg?v=1714502358,",deny,manual,TRUE,TRUE
54810,657447092251,NSN-1223-13,Sinful Vinyl Wrist Cuffs Black,"Wrist cuffs with stunning midnight black finish feature nickel-free anodized hardware, aesthetically striking embossed vinyl, and are lined in soft yet durable neoprene. Measures 7 in. by 4.75 in. by 2.5 in.",https://cdn.shopify.com/s/files/1/0602/8132/3620/files/54810A.jpg?v=1714502363,https://cdn.shopify.com/s/files/1/0602/8132/3620/files/54810B.jpg?v=1714502363,,,,,,,,,13.05,26.1,0,18,0,18,,NS Novelties,Vinyl,Black,,Restraints,,FulfillmentCustom,shopify,"https://cdn.shopify.com/s/files/1/0602/8132/3620/files/54810A.jpg?v=1714502363,https://cdn.shopify.com/s/files/1/0602/8132/3620/files/54810B.jpg?v=1714502363,",deny,manual,TRUE,TRUE
54812,657447092275,NSN-1225-13,Sinful Vinyl Whip Black,"Whip with stunning midnight black finish features nickel-free anodized hardware, aesthetically striking embossed vinyl, and is lined in soft yet durable neoprene. Measures 7 in. by 3 in. by 2.2 in.",https://cdn.shopify.com/s/files/1/0602/8132/3620/files/54812A.jpg?v=1714502366,https://cdn.shopify.com/s/files/1/0602/8132/3620/files/54812B.jpg?v=1714502366,,,,,,,,,10.25,17.7,0,9,0,9,,NS Novelties,Vinyl,Black,,Paddles Whips and Ticklers,,FulfillmentCustom,shopify,"https://cdn.shopify.com/s/files/1/0602/8132/3620/files/54812A.jpg?v=1714502366,https://cdn.shopify.com/s/files/1/0602/8132/3620/files/54812B.jpg?v=1714502366,",deny,manual,TRUE,TRUE
